IMDb_Rank,IMDb_Name,IMDb_Release_Date,Director_EN,Actors_EN,IMDb_Rating_IM,IMDb_Votes,IMDb_Intro
1,The Shawshank Redemption,26 October 1995 (Hong Kong),Frank Darabont,"Tim Robbins, Morgan Freeman, Bob Gunton",9.3,"2,020,306","Two imprisoned men bond over a number of years, finding solace and eventual redemption through acts of common decency."
2,The Godfather,11 October 1973 (Hong Kong),Francis Ford Coppola,"Marlon Brando, Al Pacino, James Caan",9.2,"1,384,483",The aging patriarch of an organized crime dynasty transfers control of his clandestine empire to his reluctant son.
3,The Godfather: Part II,6 November 1975 (Hong Kong),Francis Ford Coppola,"Al Pacino, Robert De Niro, Robert Duvall",9,"958,825","The early life and career of Vito Corleone in 1920s New York City is portrayed, while his son, Michael, expands and tightens his grip on the family crime syndicate."
4,The Dark Knight,17 July 2008 (Hong Kong),Christopher Nolan,"Christian Bale, Heath Ledger, Aaron Eckhart",9,"1,988,160","When the menace known as the Joker emerges from his mysterious past, he wreaks havoc and chaos on the people of Gotham. The Dark Knight must accept one of the greatest psychological and physical tests of his ability to fight injustice."
5,12 Angry Men,April 1957 (USA),Sidney Lumet,"Henry Fonda, Lee J. Cobb, Martin Balsam",8.9,"566,857",A jury holdout attempts to prevent a miscarriage of justice by forcing his colleagues to reconsider the evidence.
6,Schindler's List,17 March 1994 (Hong Kong),Steven Spielberg,"Liam Neeson, Ralph Fiennes, Ben Kingsley",8.9,"1,043,086","In German-occupied Poland during World War II, Oskar Schindler gradually becomes concerned for his Jewish workforce after witnessing their persecution by the Nazi Germans."
7,The Lord of the Rings: The Return of the King,18 December 2003 (Hong Kong),Peter Jackson,"Elijah Wood, Viggo Mortensen, Ian McKellen",8.9,"1,437,868",Gandalf and Aragorn lead the World of Men against Sauron's army to draw his gaze from Frodo and Sam as they approach Mount Doom with the One Ring.
8,Pulp Fiction,23 March 1995 (Hong Kong),Quentin Tarantino,"John Travolta, Uma Thurman, Samuel L. Jackson",8.9,"1,577,016","The lives of two mob hitmen, a boxer, a gangster's wife, and a pair of diner bandits intertwine in four tales of violence and redemption."
9,"Il buono, il brutto, il cattivo",13 June 1968 (Hong Kong),Sergio Leone,"Clint Eastwood, Eli Wallach, Lee Van Cleef",8.9,"598,843",A bounty hunting scam joins two men in an uneasy alliance against a third in a race to find a fortune in gold buried in a remote cemetery.
10,Fight Club,11 November 1999 (Hong Kong),David Fincher,"Brad Pitt, Edward Norton, Meat Loaf",8.8,"1,616,256","An insomniac office worker and a devil-may-care soapmaker form an underground fight club that evolves into something much, much more."
11,The Lord of the Rings: The Fellowship of the Ring,31 January 2002 (Hong Kong),Peter Jackson,"Elijah Wood, Ian McKellen, Orlando Bloom",8.8,"1,454,573",A meek Hobbit from the Shire and eight companions set out on a journey to destroy the powerful One Ring and save Middle-earth from the Dark Lord Sauron.
12,Forrest Gump,15 December 1994 (Hong Kong),Robert Zemeckis,"Tom Hanks, Robin Wright, Gary Sinise",8.8,"1,539,893","The presidencies of Kennedy and Johnson, Vietnam, Watergate, and other history unfold through the perspective of an Alabama man with an IQ of 75."
13,Star Wars: Episode V - The Empire Strikes Back,8 August 1980 (Hong Kong),Irvin Kershner,"Mark Hamill, Harrison Ford, Carrie Fisher",8.8,"1,014,307","After the rebels are brutally overpowered by the Empire on the ice planet Hoth, Luke Skywalker begins Jedi training with Yoda, while his friends are pursued by Darth Vader."
14,Inception,29 July 2010 (Hong Kong),Christopher Nolan,"Leonardo DiCaprio, Joseph Gordon-Levitt, Ellen Page",8.8,"1,768,081",A thief who steals corporate secrets through the use of dream-sharing technology is given the inverse task of planting an idea into the mind of a CEO.
15,The Lord of the Rings: The Two Towers,9 January 2003 (Hong Kong),Peter Jackson,"Elijah Wood, Ian McKellen, Viggo Mortensen",8.7,"1,299,880","While Frodo and Sam edge closer to Mordor with the help of the shifty Gollum, the divided fellowship makes a stand against Sauron's new ally, Saruman, and his hordes of Isengard."
16,One Flew Over the Cuckoo's Nest,10 June 1976 (Hong Kong),Milos Forman,"Jack Nicholson, Louise Fletcher, Will Sampson",8.7,"802,441",A criminal pleads insanity after getting into trouble again and once in the mental institution rebels against the oppressive nurse and rallies up the scared patients.
17,Goodfellas,1 November 1990 (Hong Kong),Martin Scorsese,"Robert De Niro, Ray Liotta, Joe Pesci",8.7,"870,731","The story of Henry Hill and his life in the mob, covering his relationship with his wife Karen Hill and his mob partners Jimmy Conway and Tommy DeVito in the Italian-American crime syndicate."
18,The Matrix,31 March 1999 (USA),Lana Wachowski,"Keanu Reeves, Laurence Fishburne, Carrie-Anne Moss",8.7,"1,449,349",A computer hacker learns from mysterious rebels about the true nature of his reality and his role in the war against its controllers.
19,Shichinin no samurai,26 April 1954 (Japan),Akira Kurosawa,"Toshirô Mifune, Takashi Shimura, Keiko Tsushima",8.7,"273,335",A poor village under attack by bandits recruits seven unemployed samurai to help them defend themselves.
20,Cidade de Deus,8 May 2003 (Hong Kong),Fernando Meirelles,"Alexandre Rodrigues, Leandro Firmino, Matheus Nachtergaele",8.6,"623,858","In the slums of Rio, two kids' paths diverge as one struggles to become a photographer and the other a kingpin."
21,Se7en,22 September 1995 (USA),David Fincher,"Morgan Freeman, Brad Pitt, Kevin Spacey",8.6,"1,235,096","Two detectives, a rookie and a veteran, hunt a serial killer who uses the seven deadly sins as his motives."
22,Star Wars,26 January 1978 (Hong Kong),George Lucas,"Mark Hamill, Harrison Ford, Carrie Fisher",8.6,"1,084,449","Luke Skywalker joins forces with a Jedi Knight, a cocky pilot, a Wookiee and two droids to save the galaxy from the Empire's world-destroying battle station, while also attempting to rescue Princess Leia from the evil Darth Vader."
23,The Silence of the Lambs,10 May 1991 (Hong Kong),Jonathan Demme,"Jodie Foster, Anthony Hopkins, Lawrence A. Bonney",8.6,"1,084,447","A young FBI cadet must receive the help of an incarcerated and manipulative cannibal killer to help catch another serial killer, a madman who skins his victims."
24,It's a Wonderful Life,6 October 1949 (Hong Kong),Frank Capra,"James Stewart, Donna Reed, Lionel Barrymore",8.6,"339,503",An angel is sent from Heaven to help a desperately frustrated businessman by showing him what life would have been like if he had never existed.
25,La vita è bella,4 March 1999 (Hong Kong),Roberto Benigni,"Roberto Benigni, Nicoletta Braschi, Giorgio Cantarini",8.6,"528,301","When an open-minded Jewish librarian and his son become victims of the Holocaust, he uses a perfect mixture of will, humor, and imagination to protect his son from the dangers around their camp."
26,The Usual Suspects,15 September 1995 (USA),Bryan Singer,"Kevin Spacey, Gabriel Byrne, Chazz Palminteri",8.6,"876,457","A sole survivor tells of the twisty events leading up to a horrific gun battle on a boat, which began when five criminals met at a seemingly random police lineup."
27,Sen to Chihiro no kamikakushi,13 December 2001 (Hong Kong),Hayao Miyazaki,"Daveigh Chase, Suzanne Pleshette, Miyu Irino",8.6,"531,797","During her family's move to the suburbs, a sullen 10-year-old girl wanders into a world ruled by gods, witches, and spirits, and where humans are changed into beasts."
28,Saving Private Ryan,24 July 1998 (USA),Steven Spielberg,"Tom Hanks, Matt Damon, Tom Sizemore",8.6,"1,065,137","Following the Normandy Landings, a group of U.S. soldiers go behind enemy lines to retrieve a paratrooper whose brothers have been killed in action."
29,Léon,14 September 1994 (France),Luc Besson,"Jean Reno, Gary Oldman, Natalie Portman",8.6,"886,503","Mathilda, a 12-year-old girl, is reluctantly taken in by Léon, a professional assassin, after her family is murdered. Léon and Mathilda form an unusual relationship, as she becomes his protégée and learns the assassin's trade."
30,The Green Mile,9 March 2000 (Hong Kong),Frank Darabont,"Tom Hanks, Michael Clarke Duncan, David Morse",8.5,"967,915","The lives of guards on Death Row are affected by one of their charges: a black man accused of child murder and rape, yet who has a mysterious gift."
31,Interstellar,6 November 2014 (Hong Kong),Christopher Nolan,"Matthew McConaughey, Anne Hathaway, Jessica Chastain",8.6,"1,230,848",A team of explorers travel through a wormhole in space in an attempt to ensure humanity's survival.
32,Psycho,12 January 1961 (Hong Kong),Alfred Hitchcock,"Anthony Perkins, Janet Leigh, Vera Miles",8.5,"515,661","A Phoenix secretary embezzles forty thousand dollars from her employer's client, goes on the run, and checks into a remote motel run by a young man under the domination of his mother."
33,American History X,20 November 1998 (USA),Tony Kaye,"Edward Norton, Edward Furlong, Beverly D'Angelo",8.5,"920,954",A former neo-nazi skinhead tries to prevent his younger brother from going down the same wrong path that he did.
34,City Lights,3 October 1940 (Hong Kong),Charles Chaplin,"Charles Chaplin, Virginia Cherrill, Florence Lee",8.5,"139,622","With the aid of a wealthy erratic tippler, a dewy-eyed tramp who has fallen in love with a sightless flower girl accumulates money to be able to help her medically."
35,Once Upon a Time in the West,25 September 1969 (Hong Kong),Sergio Leone,"Henry Fonda, Charles Bronson, Claudia Cardinale",8.5,"261,575",A mysterious stranger with a harmonica joins forces with a notorious desperado to protect a beautiful widow from a ruthless assassin working for the railroad.
36,Casablanca,1 July 1948 (Hong Kong),Michael Curtiz,"Humphrey Bogart, Ingrid Bergman, Paul Henreid",8.5,"460,224",A cynical nightclub owner protects an old flame and her husband from Nazis in Morocco.
37,Modern Times,7 May 1937 (Hong Kong),Charles Chaplin,"Charles Chaplin, Paulette Goddard, Henry Bergman",8.5,"181,424",The Tramp struggles to live in modern industrial society with the help of a young homeless woman.
38,The Intouchables,6 September 2012 (Hong Kong),Olivier Nakache,"François Cluzet, Omar Sy, Anne Le Ny",8.5,"643,936","After he becomes a quadriplegic from a paragliding accident, an aristocrat hires a young man from the projects to be his caregiver."
39,The Pianist,20 March 2003 (Hong Kong),Roman Polanski,"Adrien Brody, Thomas Kretschmann, Frank Finlay",8.5,"613,956",A Polish Jewish musician struggles to survive the destruction of the Warsaw ghetto of World War II.
40,The Departed,6 October 2006 (Hong Kong),Martin Scorsese,"Leonardo DiCaprio, Matt Damon, Jack Nicholson",8.5,"1,038,288",An undercover cop and a mole in the police attempt to identify each other while infiltrating an Irish gang in South Boston.
41,Terminator 2: Judgment Day,1 August 1991 (Hong Kong),James Cameron,"Arnold Schwarzenegger, Linda Hamilton, Edward Furlong",8.5,"875,941","A cyborg, identical to the one who failed to kill Sarah Connor, must now protect her teenage son, John Connor, from a more advanced and powerful cyborg."
42,Back to the Future,14 December 1985 (Hong Kong),Robert Zemeckis,"Michael J. Fox, Christopher Lloyd, Lea Thompson",8.5,"895,491","Marty McFly, a 17-year-old high school student, is accidentally sent thirty years into the past in a time-traveling DeLorean invented by his close friend, the maverick scientist Doc Brown."
43,Whiplash,16 October 2014 (Hong Kong),Damien Chazelle,"Miles Teller, J.K. Simmons, Melissa Benoist",8.5,"581,144",A promising young drummer enrolls at a cut-throat music conservatory where his dreams of greatness are mentored by an instructor who will stop at nothing to realize a student's potential.
44,Rear Window,30 June 1955 (Hong Kong),Alfred Hitchcock,"James Stewart, Grace Kelly, Wendell Corey",8.5,"383,764",A wheelchair-bound photographer spies on his neighbors from his apartment window and becomes convinced one of them has committed murder.
45,Raiders of the Lost Ark,21 January 1982 (Hong Kong),Steven Spielberg,"Harrison Ford, Karen Allen, Paul Freeman",8.5,"782,074","In 1936, archaeologist and adventurer Indiana Jones is hired by the U.S. government to find the Ark of the Covenant before Adolf Hitler's Nazis can obtain its awesome powers."
46,The Lion King,8 July 1994 (Hong Kong),Roger Allers,"Matthew Broderick, Jeremy Irons, James Earl Jones",8.5,"797,563","A Lion cub crown prince is tricked by a treacherous uncle into thinking he caused his father's death and flees into exile in despair, only to learn in adulthood his identity and his responsibilities."
47,Gladiator,25 May 2000 (Hong Kong),Ridley Scott,"Russell Crowe, Joaquin Phoenix, Connie Nielsen",8.5,"1,167,796",A former Roman General sets out to exact vengeance against the corrupt emperor who murdered his family and sent him into slavery.
48,The Prestige,26 October 2006 (Hong Kong),Christopher Nolan,"Christian Bale, Hugh Jackman, Scarlett Johansson",8.5,"1,026,632","After a tragic accident, two stage magicians engage in a battle to create the ultimate illusion while sacrificing everything they have to outwit each other."
49,Apocalypse Now,27 March 1980 (Hong Kong),Francis Ford Coppola,"Martin Sheen, Marlon Brando, Robert Duvall",8.5,"529,476","During the Vietnam War, Captain Willard is sent on a dangerous mission into Cambodia to assassinate a renegade Colonel who has set himself up as a god among a local tribe."
50,Memento,11 October 2001 (Hong Kong),Christopher Nolan,"Guy Pearce, Carrie-Anne Moss, Joe Pantoliano",8.5,"1,000,910",A man with short-term memory loss attempts to track down his wife's murderer.
51,Alien,14 November 1979 (Hong Kong),Ridley Scott,"Sigourney Weaver, Tom Skerritt, John Hurt",8.5,"688,776","After a space merchant vessel perceives an unknown transmission as a distress call, its landing on the source moon finds one of the crew attacked by a mysterious lifeform, and they soon realize that its life cycle has merely begun."
52,Avengers: Infinity War,25 April 2018 (Hong Kong),Anthony Russo,"Robert Downey Jr., Chris Hemsworth, Mark Ruffalo",8.5,"528,652",The Avengers and their allies must be willing to sacrifice all in an attempt to defeat the powerful Thanos before his blitz of devastation and ruin puts an end to the universe.
53,The Great Dictator,27 March 1947 (Hong Kong),Charles Chaplin,"Charles Chaplin, Paulette Goddard, Jack Oakie",8.5,"172,803",Dictator Adenoid Hynkel tries to expand his empire while a poor Jewish barber tries to avoid persecution from Hynkel's regime.
54,Nuovo Cinema Paradiso,18 January 1990 (Hong Kong),Giuseppe Tornatore,"Philippe Noiret, Enzo Cannavale, Antonella Attili",8.5,"192,211",A filmmaker recalls his childhood when falling in love with the pictures at the cinema of his home village and forms a deep friendship with the cinema's projectionist.
55,Hotaru no haka,22 July 1989 (Hong Kong),Isao Takahata,"Tsutomu Tatsumi, Ayano Shiraishi, Akemi Yamaguchi",8.5,"185,559",A young boy and his little sister struggle to survive in Japan during World War II.
56,Sunset Blvd.,7 June 1951 (Hong Kong),Billy Wilder,"William Holden, Gloria Swanson, Erich von Stroheim",8.4,"172,024","A screenwriter is hired to rework a faded silent film star's script, only to find himself developing a dangerous relationship."
57,The Lives of Others,1 February 2007 (Hong Kong),Florian Henckel von Donnersmarck,"Ulrich Mühe, Martina Gedeck, Sebastian Koch",8.4,"311,419","In 1984 East Berlin, an agent of the secret police, conducting surveillance on a writer and his lover, finds himself becoming increasingly absorbed by their lives."
58,Dr. Strangelove or: How I Learned to Stop Worrying and Love the Bomb,6 May 1965 (Hong Kong),Stanley Kubrick,"Peter Sellers, George C. Scott, Sterling Hayden",8.4,"402,800",An insane general triggers a path to nuclear holocaust that a War Room full of politicians and generals frantically tries to stop.
59,Paths of Glory,November 1957 (West Germany),Stanley Kubrick,"Kirk Douglas, Ralph Meeker, Adolphe Menjou",8.4,"149,569","After refusing to attack an enemy position, a general accuses the soldiers of cowardice and their commanding officer must defend them."
60,The Shining,2 June 1983 (Hong Kong),Stanley Kubrick,"Jack Nicholson, Shelley Duvall, Danny Lloyd",8.4,"748,738","A family heads to an isolated hotel for the winter where an evil spiritual presence influences the father into violence, while his psychic son sees horrific forebodings from the past and of the future."
61,Django Unchained,17 January 2013 (Hong Kong),Quentin Tarantino,"Jamie Foxx, Christoph Waltz, Leonardo DiCaprio",8.4,"1,164,677","With the help of a German bounty hunter, a freed slave sets out to rescue his wife from a brutal Mississippi plantation owner."
62,WALL·E,24 July 2008 (Hong Kong),Andrew Stanton,"Ben Burtt, Elissa Knight, Jeff Garlin",8.4,"872,818","In the distant future, a small waste-collecting robot inadvertently embarks on a space journey that will ultimately decide the fate of mankind."
63,Mononoke-hime,14 August 1997 (Hong Kong),Hayao Miyazaki,"Yôji Matsuda, Yuriko Ishida, Yûko Tanaka",8.4,"281,812","On a journey to find the cure for a Tatarigami's curse, Ashitaka finds himself in the middle of a war between the forest gods and Tatara, a mining colony. In this quest he also meets San, the Mononoke Hime."
64,Witness for the Prosecution,6 February 1958 (USA),Billy Wilder,"Tyrone Power, Marlene Dietrich, Charles Laughton",8.4,"86,617",A veteran British barrister must defend his client in a murder trial that has surprise after surprise.
65,American Beauty,2 March 2000 (Hong Kong),Sam Mendes,"Kevin Spacey, Annette Bening, Thora Birch",8.4,"962,630",A sexually frustrated suburban father has a mid-life crisis after becoming infatuated with his daughter's best friend.
66,The Dark Knight Rises,19 July 2012 (Hong Kong),Christopher Nolan,"Christian Bale, Tom Hardy, Anne Hathaway",8.4,"1,342,956","Eight years after the Joker's reign of anarchy, Batman, with the help of the enigmatic Catwoman, is forced from his exile to save Gotham City, now on the edge of total annihilation, from the brutal guerrilla terrorist Bane."
67,Oldeuboi,14 October 2004 (Hong Kong),Chan-wook Park,"Min-sik Choi, Ji-tae Yu, Hye-jeong Kang",8.4,"440,577","After being kidnapped and imprisoned for fifteen years, Oh Dae-Su is released, only to find that he must find his captor in five days."
68,Aliens,25 December 1986 (Hong Kong),James Cameron,"Sigourney Weaver, Michael Biehn, Carrie Henn",8.4,"582,129","Ellen Ripley is rescued by a deep salvage team after being in hypersleep for 57 years. The moon that the Nostromo visited has been colonized, but contact is lost. This time, colonial marines have impressive firepower, but will that be enough?"
69,Coco,21 December 2017 (Hong Kong),Lee Unkrich,"Anthony Gonzalez, Gael García Bernal, Benjamin Bratt",8.4,"237,109","Aspiring musician Miguel, confronted with his family's ancestral ban on music, enters the Land of the Dead to find his great-great-grandfather, a legendary singer."
70,Once Upon a Time in America,11 August 1984 (Hong Kong),Sergio Leone,"Robert De Niro, James Woods, Elizabeth McGovern",8.4,"266,640","A former Prohibition-era Jewish gangster returns to the Lower East Side of Manhattan over thirty years later, where he once again must confront the ghosts and regrets of his old life."
71,Das Boot,4 March 1982 (Hong Kong),Wolfgang Petersen,"Jürgen Prochnow, Herbert Grönemeyer, Klaus Wennemann",8.4,"201,622","The claustrophobic world of a WWII German U-boat; boredom, filth and sheer terror."
72,Citizen Kane,24 February 1950 (Hong Kong),Orson Welles,"Orson Welles, Joseph Cotten, Dorothy Comingore",8.4,"352,484","Following the death of a publishing tycoon, news reporters scramble to discover the meaning of his final utterance."
73,Braveheart,24 May 1995 (USA),Mel Gibson,"Mel Gibson, Sophie Marceau, Patrick McGoohan",8.4,"867,521","When his secret bride is executed for assaulting an English soldier who tried to rape her, Sir William Wallace begins a revolt against King Edward I of England."
74,Vertigo,23 April 1959 (Hong Kong),Alfred Hitchcock,"James Stewart, Kim Novak, Barbara Bel Geddes",8.3,"307,954",A former police detective juggles wrestling with his personal demons and becoming obsessed with a hauntingly beautiful woman.
75,North by Northwest,12 November 1959 (Hong Kong),Alfred Hitchcock,"Cary Grant, Eva Marie Saint, James Mason",8.3,"262,472","A hapless New York City advertising executive is mistaken for a government agent by a group of foreign spies, and is pursued across the country while he looks for a way to survive."
76,Reservoir Dogs,2 September 1992 (France),Quentin Tarantino,"Harvey Keitel, Tim Roth, Michael Madsen",8.3,"794,284",A crime boss assembles a team of six experienced criminals to pull off a large jewellery heist.
77,Star Wars: Episode VI - Return of the Jedi,1 July 1983 (Hong Kong),Richard Marquand,"Mark Hamill, Harrison Ford, Carrie Fisher",8.3,"832,282","After a daring mission to rescue Han Solo from Jabba the Hutt, the rebels dispatch to Endor to destroy a more powerful Death Star. Meanwhile, Luke struggles to help Vader back from the dark side without falling into the Emperor's trap."
78,M - Eine Stadt sucht einen Mörder,31 August 1931 (Sweden),Fritz Lang,"Peter Lorre, Ellen Widmann, Inge Landgut",8.3,"122,351","When the police in a German city are unable to catch a child-murderer, other criminals join in the manhunt."
79,Kimi no na wa.,11 November 2016 (Hong Kong),Makoto Shinkai,"Ryûnosuke Kamiki, Mone Kamishiraishi, Ryô Narita",8.4,"114,090","Two strangers find themselves linked in a bizarre way. When a connection forms, will distance be the only thing to keep them apart?"
80,Dangal,31 August 2017 (Hong Kong),Nitesh Tiwari,"Aamir Khan, Sakshi Tanwar, Fatima Sana Shaikh",8.5,"109,100",Former wrestler Mahavir Singh Phogat and his two wrestler daughters struggle towards glory at the Commonwealth Games in the face of societal oppression.
81,Amadeus,13 June 1985 (Hong Kong),Milos Forman,"F. Murray Abraham, Tom Hulce, Elizabeth Berridge",8.3,"325,375","The life, success and troubles of Wolfgang Amadeus Mozart, as told by Antonio Salieri, the contemporary composer who was insanely jealous of Mozart's talent and claimed to have murdered him."
82,Requiem for a Dream,22 March 2001 (Hong Kong),Darren Aronofsky,"Ellen Burstyn, Jared Leto, Jennifer Connelly",8.3,"678,696",The drug-induced utopias of four Coney Island people are shattered when their addictions run deep.
83,Taare Zameen Par,21 December 2007 (India),Aamir Khan,"Darsheel Safary, Aamir Khan, Tisca Chopra",8.4,"132,255","An eight-year-old boy is thought to be a lazy trouble-maker, until the new art teacher has the patience and compassion to discover the real problem behind his struggles in school."
84,Lawrence of Arabia,11 December 1962 (UK),David Lean,"Peter O'Toole, Alec Guinness, Anthony Quinn",8.3,"233,383","The story of T.E. Lawrence, the English officer who successfully united and led the diverse, often warring, Arab tribes during World War I in order to fight the Turks."
85,Eternal Sunshine of the Spotless Mind,13 May 2004 (Hong Kong),Michel Gondry,"Jim Carrey, Kate Winslet, Tom Wilkinson",8.3,"796,730","When their relationship turns sour, a couple undergoes a medical procedure to have each other erased from their memories."
86,A Clockwork Orange,30 October 1980 (Hong Kong),Stanley Kubrick,"Malcolm McDowell, Patrick Magee, Michael Bates",8.3,"665,318","In the future, a sadistic gang leader is imprisoned and volunteers for a conduct-aversion experiment, but it doesn't go as planned."
87,Amélie,25 October 2001 (Hong Kong),Jean-Pierre Jeunet,"Audrey Tautou, Mathieu Kassovitz, Rufus",8.3,"632,563","Amélie is an innocent and naive girl in Paris with her own sense of justice. She decides to help those around her and, along the way, discovers love."
88,3 Idiots,1 September 2011 (Hong Kong),Rajkumar Hirani,"Aamir Khan, Madhavan, Mona Singh",8.4,"285,909","Two friends are searching for their long lost companion. They revisit their college days and recall the memories of their friend who inspired them to think differently, even as the rest of the world called them ""idiots""."
89,2001: A Space Odyssey,1 March 1969 (Hong Kong),Stanley Kubrick,"Keir Dullea, Gary Lockwood, William Sylvester",8.3,"521,743","A space-opera spanning the dawn of man to humanity reaching the stars, 2001: A Space Odyssey tells the story of the Black Monolith, humanity's evolution and the rise of A.I.'s ultimate supercomputer HAL 9000."
90,Double Indemnity,24 February 1949 (Hong Kong),Billy Wilder,"Fred MacMurray, Barbara Stanwyck, Edward G. Robinson",8.3,"122,069",An insurance representative lets himself be talked into a murder/insurance fraud scheme that arouses the suspicion of an insurance investigator.
91,Toy Story,16 February 1996 (Hong Kong),John Lasseter,"Tom Hanks, Tim Allen, Don Rickles",8.3,"760,439",A cowboy doll is profoundly threatened and jealous when a new spaceman figure supplants him as top toy in a boy's room.
92,Taxi Driver,12 May 1977 (Hong Kong),Martin Scorsese,"Robert De Niro, Jodie Foster, Cybill Shepherd",8.3,"613,598","A mentally unstable veteran works as a nighttime taxi driver in New York City, where the perceived decadence and sleaze fuels his urge for violent action by attempting to liberate a presidential campaign worker and an underage prostitute."
93,Singin' in the Rain,12 February 1953 (Hong Kong),Stanley Donen,"Gene Kelly, Donald O'Connor, Debbie Reynolds",8.3,"188,516",A silent film production company and cast make a difficult transition to sound.
94,Inglourious Basterds,20 August 2009 (Hong Kong),Quentin Tarantino,"Brad Pitt, Diane Kruger, Eli Roth",8.3,"1,076,786","In Nazi-occupied France during World War II, a plan to assassinate Nazi leaders by a group of Jewish U.S. soldiers coincides with a theatre owner's vengeful plans for the same."
95,Full Metal Jacket,31 March 1988 (Hong Kong),Stanley Kubrick,"Matthew Modine, R. Lee Ermey, Vincent D'Onofrio",8.3,"587,242",A pragmatic U.S. Marine observes the dehumanizing effects the Vietnam War has on his fellow recruits from their brutal boot camp training to the bloody street fighting in Hue.
96,To Kill a Mockingbird,8 August 1963 (Hong Kong),Robert Mulligan,"Gregory Peck, John Megna, Frank Overton",8.3,"262,876","Atticus Finch, a lawyer in the Depression-era South, defends a black man against an undeserved rape charge, and his children against prejudice."
97,Ladri di biciclette,7 January 1954 (Hong Kong),Vittorio De Sica,"Lamberto Maggiorani, Enzo Staiola, Lianella Carell",8.3,"120,829","In post-war Italy, a working-class man's bicycle is stolen. He and his son set out to find it."
98,The Kid,6 February 1921 (USA),Charles Chaplin,"Charles Chaplin, Edna Purviance, Jackie Coogan",8.3,"91,324","The Tramp cares for an abandoned child, but events put that relationship in jeopardy."
99,The Sting,5 September 1974 (Hong Kong),George Roy Hill,"Paul Newman, Robert Redford, Robert Shaw",8.3,"211,779",Two grifters team up to pull off the ultimate con.
100,Toy Story 3,15 July 2010 (Hong Kong),Lee Unkrich,"Tom Hanks, Tim Allen, Joan Cusack",8.3,"656,431","The toys are mistakenly delivered to a day-care center instead of the attic right before Andy leaves for college, and it's up to Woody to convince the other toys that they weren't abandoned and to return home."
101,Good Will Hunting,5 March 1998 (Hong Kong),Gus Van Sant,"Robin Williams, Matt Damon, Ben Affleck",8.3,"738,835","Will Hunting, a janitor at M.I.T., has a gift for mathematics, but needs help from a psychologist to find direction in his life."
102,Jagten,11 April 2013 (Hong Kong),Thomas Vinterberg,"Mads Mikkelsen, Thomas Bo Larsen, Annika Wedderkopp",8.3,"229,860","A teacher lives a lonely life, all the while struggling over his son's custody. His life slowly gets better as he finds love and receives good news from his son, but his new luck is about to be brutally shattered by an innocent little lie."
103,Snatch,1 September 2000 (UK),Guy Ritchie,"Jason Statham, Brad Pitt, Benicio Del Toro",8.3,"698,255","Unscrupulous boxing promoters, violent bookmakers, a Russian gangster, incompetent amateur robbers and supposedly Jewish jewelers fight to track down a priceless stolen diamond."
104,Scarface,8 March 1984 (Hong Kong),Brian De Palma,"Al Pacino, Michelle Pfeiffer, Steven Bauer",8.3,"641,073","In Miami in 1980, a determined Cuban immigrant takes over a drug cartel and succumbs to greed."
105,Monty Python and the Holy Grail,11 August 1977 (Hong Kong),Terry Gilliam,"Graham Chapman, John Cleese, Eric Idle",8.3,"446,287","King Arthur and his Knights of the Round Table embark on a surreal, low-budget search for the Holy Grail, encountering many, very silly obstacles."
106,Per qualche dollaro in più,6 August 1970 (Hong Kong),Sergio Leone,"Clint Eastwood, Lee Van Cleef, Gian Maria Volontè",8.3,"196,705",Two bounty hunters with the same intentions team up to track down a Western outlaw.
107,The Apartment,26 October 1961 (Hong Kong),Billy Wilder,"Jack Lemmon, Shirley MacLaine, Fred MacMurray",8.3,"137,129","A man tries to rise in his company by letting its executives use his apartment for trysts, but complications and a romance of his own ensue."
108,L.A. Confidential,13 November 1997 (Hong Kong),Curtis Hanson,"Kevin Spacey, Russell Crowe, Guy Pearce",8.3,"479,991","As corruption grows in 1950s LA, three policemen - one strait-laced, one brutal, and one sleazy - investigate a series of murders with their own brand of justice."
109,Metropolis,5 March 1927 (Denmark),Fritz Lang,"Brigitte Helm, Alfred Abel, Gustav Fröhlich",8.3,"137,643","In a futuristic city sharply divided between the working class and the city planners, the son of the city's mastermind falls in love with a working class prophet who predicts the coming of a savior to mediate their differences."
110,Jodaeiye Nader az Simin,1 March 2012 (Hong Kong),Asghar Farhadi,"Payman Maadi, Leila Hatami, Sareh Bayat",8.3,"188,137",A married couple are faced with a difficult decision - to improve the life of their child by moving to another country or to stay in Iran and look after a deteriorating parent who has Alzheimer's disease.
111,Indiana Jones and the Last Crusade,29 June 1989 (Hong Kong),Steven Spielberg,"Harrison Ford, Sean Connery, Alison Doody",8.3,"611,783","In 1938, after his father Professor Henry Jones, Sr. goes missing while pursuing the Holy Grail, Indiana Jones finds himself up against Adolf Hitler's Nazis again to stop them obtaining its powers."
112,Rashômon,26 August 1950 (Japan),Akira Kurosawa,"Toshirô Mifune, Machiko Kyô, Masayuki Mori",8.3,"128,439","The rape of a bride and the murder of her samurai husband are recalled from the perspectives of a bandit, the bride, the samurai's ghost and a woodcutter."
113,Up,30 July 2009 (Hong Kong),Pete Docter,"Edward Asner, Jordan Nagai, John Ratzenberger",8.3,"812,441","Seventy-eight year old Carl Fredricksen travels to Paradise Falls in his home equipped with balloons, inadvertently taking a young stowaway."
114,All About Eve,16 August 1951 (Hong Kong),Joseph L. Mankiewicz,"Bette Davis, Anne Baxter, George Sanders",8.3,"103,377",An ingenue insinuates herself into the company of an established but aging stage actress and her circle of theater friends.
115,Yôjinbô,25 April 1961 (Japan),Akira Kurosawa,"Toshirô Mifune, Eijirô Tôno, Tatsuya Nakadai",8.3,"92,905",A crafty ronin comes to a town divided by two criminal gangs and decides to play them against each other to free the town.
116,Batman Begins,16 June 2005 (Hong Kong),Christopher Nolan,"Christian Bale, Michael Caine, Ken Watanabe",8.3,"1,154,710","After training with his mentor, Batman begins his fight to free crime-ridden Gotham City from corruption."
117,Some Like It Hot,17 December 1959 (Hong Kong),Billy Wilder,"Marilyn Monroe, Tony Curtis, Jack Lemmon",8.2,"212,030","When two male musicians witness a mob hit, they flee the state in an all-female band disguised as women, but further complications set in."
118,Unforgiven,14 January 1993 (Hong Kong),Clint Eastwood,"Clint Eastwood, Gene Hackman, Morgan Freeman",8.2,"329,923","Retired Old West gunslinger William Munny reluctantly takes on one last job, with the help of his old partner and a young man."
119,Der Untergang,17 March 2005 (Hong Kong),Oliver Hirschbiegel,"Bruno Ganz, Alexandra Maria Lara, Ulrich Matthes",8.2,"295,256","Traudl Junge, the final secretary for Adolf Hitler, tells of the Nazi dictator's final days in his Berlin bunker at the end of WWII."
120,The Treasure of the Sierra Madre,24 January 1948 (USA),John Huston,"Humphrey Bogart, Walter Huston, Tim Holt",8.3,"98,065","Fred Dobbs and Bob Curtin, two Americans searching for work in Mexico, convince an old prospector to help them mine for gold in the Sierra Madre Mountains."
121,Die Hard,19 October 1988 (Hong Kong),John McTiernan,"Bruce Willis, Alan Rickman, Bonnie Bedelia",8.2,"695,820","John McClane, officer of the NYPD, tries to save his wife Holly Gennaro and several others that were taken hostage by German terrorist Hans Gruber during a Christmas party at the Nakatomi Plaza in Los Angeles."
122,Heat,7 March 1996 (Hong Kong),Michael Mann,"Al Pacino, Robert De Niro, Val Kilmer",8.2,"508,298",A group of professional bank robbers start to feel the heat from police when they unknowingly leave a clue at their latest heist.
123,Bohemian Rhapsody,1 November 2018 (Hong Kong),Bryan Singer,"Rami Malek, Lucy Boynton, Gwilym Lee",8.4,"125,700",A chronicle of the years leading up to Queen's legendary appearance at the Live Aid (1985) concert.
124,Ikiru,9 October 1952 (Japan),Akira Kurosawa,"Takashi Shimura, Nobuo Kaneko, Shin'ichi Himori",8.3,"55,957",A bureaucrat tries to find a meaning in his life after he discovers he has terminal cancer.
125,Incendies,21 April 2011 (Hong Kong),Denis Villeneuve,"Lubna Azabal, Mélissa Désormeaux-Poulin, Maxim Gaudette",8.2,"116,782",Twins journey to the Middle East to discover their family history and fulfill their mother's last wishes.
126,Raging Bull,7 May 1981 (Hong Kong),Martin Scorsese,"Robert De Niro, Cathy Moriarty, Joe Pesci",8.2,"278,587","The life of boxer Jake LaMotta, as the violence and temper that leads him to the top in the ring destroys his life outside of it."
127,The Great Escape,23 January 1964 (Hong Kong),John Sturges,"Steve McQueen, James Garner, Richard Attenborough",8.2,"198,844",Allied prisoners of war plan for several hundred of their number to escape from a German camp during World War II.
128,Bacheha-Ye aseman,13 May 1999 (Hong Kong),Majid Majidi,"Mohammad Amir Naji, Amir Farrokh Hashemian, Bahare Seddiqi",8.3,"47,936","After a boy loses his sister's pair of shoes, he goes on a series of adventures in order to find them. When he can't, he tries a new way to ""win"" a new pair."
129,Babam ve Oglum,18 November 2005 (Turkey),Çagan Irmak,"Çetin Tekindor, Fikret Kuskan, Hümeyra",8.4,"61,916",The family of a left-wing journalist is torn apart after a military coup in 1980's Turkey.
130,Pan's Labyrinth,15 March 2007 (Hong Kong),Guillermo del Toro,"Ivana Baquero, Ariadna Gil, Sergi López",8.2,"554,702","In the falangist Spain of 1944, the bookish young stepdaughter of a sadistic army officer escapes into an eerie but captivating fantasy world."
131,Chinatown,26 March 1982 (Hong Kong),Roman Polanski,"Jack Nicholson, Faye Dunaway, John Huston",8.2,"257,526","A private detective hired to expose an adulterer finds himself caught up in a web of deceit, corruption, and murder."
132,The Third Man,13 September 1951 (Hong Kong),Carol Reed,"Orson Welles, Joseph Cotten, Alida Valli",8.2,"138,580","Pulp novelist Holly Martins travels to shadowy, postwar Vienna, only to find himself investigating the mysterious death of an old friend, Harry Lime."
133,Tonari no Totoro,15 July 1988 (Hong Kong),Hayao Miyazaki,"Hitoshi Takagi, Noriko Hidaka, Chika Sakamoto",8.2,"227,321","When two girls move to the country to be near their ailing mother, they have adventures with the wondrous forest spirits who live nearby."
134,Ran,1 June 1985 (Japan),Akira Kurosawa,"Tatsuya Nakadai, Akira Terao, Jinpachi Nezu",8.2,"96,001","In Medieval Japan, an elderly warlord retires, handing over his empire to his three sons. However, he vastly underestimates how the new-found power will corrupt them and cause them to turn on each other...and him."
135,Hauru no ugoku shiro,17 March 2005 (Hong Kong),Hayao Miyazaki,"Chieko Baishô, Takuya Kimura, Tatsuya Gashûin",8.2,"270,871","When an unconfident young woman is cursed with an old body by a spiteful witch, her only chance of breaking the spell lies with a self-indulgent yet insecure young wizard and his companions in his legged, walking castle."
136,Judgment at Nuremberg,18 December 1961 (Sweden),Stanley Kramer,"Spencer Tracy, Burt Lancaster, Richard Widmark",8.2,"58,937","In 1948, an American court in occupied Germany tries four Nazi judges for war crimes."
137,El secreto de sus ojos,13 August 2009 (Argentina),Juan José Campanella,"Ricardo Darín, Soledad Villamil, Pablo Rago",8.2,"166,660",A retired legal counselor writes a novel hoping to find closure for one of his past unresolved homicide cases and for his unreciprocated love with his superior - both of which still haunt him decades later.
138,The Gold Rush,15 April 1926 (Hong Kong),Charles Chaplin,"Charles Chaplin, Mack Swain, Tom Murray",8.2,"85,843",A prospector goes to the Klondike in search of gold and finds it and more.
139,The Bridge on the River Kwai,9 January 1958 (Hong Kong),David Lean,"William Holden, Alec Guinness, Jack Hawkins",8.2,"180,515","After settling his differences with a Japanese PoW camp commander, a British colonel co-operates to oversee his men's construction of a railway bridge for their captors - while oblivious to a plan by the Allies to destroy it."
140,A Beautiful Mind,28 February 2002 (Hong Kong),Ron Howard,"Russell Crowe, Ed Harris, Jennifer Connelly",8.2,"744,081","After John Nash, a brilliant but asocial mathematician, accepts secret work in cryptography, his life takes a turn for the nightmarish."
141,"Three Billboards Outside Ebbing, Missouri",18 January 2018 (Hong Kong),Martin McDonagh,"Frances McDormand, Woody Harrelson, Sam Rockwell",8.2,"296,415",A mother personally challenges the local authorities to solve her daughter's murder when they fail to catch the culprit.
142,"Lock, Stock and Two Smoking Barrels",23 September 1999 (Hong Kong),Guy Ritchie,"Jason Flemyng, Dexter Fletcher, Nick Moran",8.2,"480,257","A botched card game in London triggers four friends, thugs, weed-growers, hard gangsters, loan sharks and debt collectors to collide with each other in a series of unexpected events, all for the sake of weed, cash and two antique shotguns."
143,On the Waterfront,17 March 1955 (Hong Kong),Elia Kazan,"Marlon Brando, Karl Malden, Lee J. Cobb",8.2,"124,377",An ex-prize fighter turned longshoreman struggles to stand up to his corrupt union bosses.
144,Casino,14 March 1996 (Hong Kong),Martin Scorsese,"Robert De Niro, Sharon Stone, Joe Pesci",8.2,"400,500","A tale of greed, deception, money, power, and murder occur between two best friends: a mafia enforcer and a casino executive, compete against each other over a gambling empire, and over a fast living and fast loving socialite."
145,Det sjunde inseglet,30 March 1961 (Hong Kong),Ingmar Bergman,"Max von Sydow, Gunnar Björnstrand, Bengt Ekerot",8.2,"137,929","A man seeks answers about life, death, and the existence of God as he plays chess against the Grim Reaper during the Black Plague."
146,Inside Out,23 July 2015 (Hong Kong),Pete Docter,"Amy Poehler, Bill Hader, Lewis Black",8.2,"507,520","After young Riley is uprooted from her Midwest life and moved to San Francisco, her emotions - Joy, Fear, Anger, Disgust and Sadness - conflict on how best to navigate a new city, house, and school."
147,The Elephant Man,15 October 1981 (Hong Kong),David Lynch,"Anthony Hopkins, John Hurt, Anne Bancroft",8.2,"194,350","A Victorian surgeon rescues a heavily disfigured man who is mistreated while scraping a living as a side-show freak. Behind his monstrous façade, there is revealed a person of intelligence and sensitivity."
148,Room,3 March 2016 (Hong Kong),Lenny Abrahamson,"Brie Larson, Jacob Tremblay, Sean Bridgers",8.2,"293,238","Held captive for years in an enclosed space, a woman and her young son finally gain their freedom, allowing the boy to experience the outside world for the first time."
149,Mr. Smith Goes to Washington,13 September 1946 (Hong Kong),Frank Capra,"James Stewart, Jean Arthur, Claude Rains",8.2,"94,966","A naive man is appointed to fill a vacancy in the United States Senate. His plans promptly collide with political corruption, but he doesn't back down."
150,The Wolf of Wall Street,13 February 2014 (Hong Kong),Martin Scorsese,"Leonardo DiCaprio, Jonah Hill, Margot Robbie",8.2,"988,952","Based on the true story of Jordan Belfort, from his rise to a wealthy stock-broker living the high life to his fall involving crime, corruption and the federal government."
151,V for Vendetta,16 March 2006 (Hong Kong),James McTeigue,"Hugo Weaving, Natalie Portman, Rupert Graves",8.2,"927,182","In a future British tyranny, a shadowy freedom fighter, known only by the alias of ""V"", plots to overthrow it with the help of a young woman."
152,Warrior,24 February 2012 (Hong Kong),Gavin O'Connor,"Tom Hardy, Nick Nolte, Joel Edgerton",8.2,"393,278","The youngest son of an alcoholic former boxer returns home, where he's trained by his father for competition in a mixed martial arts tournament - a path that puts the fighter on a collision course with his estranged, older brother."
153,Blade Runner,22 December 1982 (Hong Kong),Ridley Scott,"Harrison Ford, Rutger Hauer, Sean Young",8.2,"606,323","A blade runner must pursue and terminate four replicants who stole a ship in space, and have returned to Earth to find their creator."
154,Smultronstället,26 December 1957 (Sweden),Ingmar Bergman,"Victor Sjöström, Bibi Andersson, Ingrid Thulin",8.2,"80,508","After living a life marked by coldness, an aging professor is forced to confront the emptiness of his existence."
155,The General,7 April 1927 (Hong Kong),Clyde Bruckman,"Buster Keaton, Marion Mack, Glen Cavender",8.2,"68,755","When Union spies steal an engineer's beloved locomotive, he pursues it single-handedly and straight through enemy lines."
156,Dial M for Murder,29 May 1954 (USA),Alfred Hitchcock,"Ray Milland, Grace Kelly, Robert Cummings",8.2,"135,358",A tennis player frames his unfaithful wife for first-degree murder after she inadvertently hinders his plan to kill her.
157,Trainspotting,21 November 1996 (Hong Kong),Danny Boyle,"Ewan McGregor, Ewen Bremner, Jonny Lee Miller",8.2,"572,635","Renton, deeply immersed in the Edinburgh drug scene, tries to clean up and get out, despite the allure of the drugs and influence of friends."
158,No Country for Old Men,21 February 2008 (Hong Kong),Ethan Coen,"Tommy Lee Jones, Javier Bardem, Josh Brolin",8.1,"739,646",Violence and mayhem ensue after a hunter stumbles upon a drug deal gone wrong and more than two million dollars in cash near the Rio Grande.
159,There Will Be Blood,14 February 2008 (Hong Kong),Paul Thomas Anderson,"Daniel Day-Lewis, Paul Dano, Ciarán Hinds",8.1,"448,638","A story of family, religion, hatred, oil and madness, focusing on a turn-of-the-century prospector in the early days of the business."
160,The Sixth Sense,9 September 1999 (Hong Kong),M. Night Shyamalan,"Bruce Willis, Haley Joel Osment, Toni Collette",8.1,"820,268",A boy who communicates with spirits seeks the help of a disheartened child psychologist.
161,Gone with the Wind,16 June 1949 (Hong Kong),Victor Fleming,"Clark Gable, Vivien Leigh, Thomas Mitchell",8.2,"256,303",A manipulative woman and a roguish man conduct a turbulent romance during the American Civil War and Reconstruction periods.
162,The Thing,30 September 1982 (Hong Kong),John Carpenter,"Kurt Russell, Wilford Brimley, Keith David",8.1,"319,102",A research team in Antarctica is hunted by a shape-shifting alien that assumes the appearance of its victims.
163,Fargo,12 September 1996 (Hong Kong),Joel Coen,"William H. Macy, Frances McDormand, Steve Buscemi",8.1,"543,649",Jerry Lundegaard's inept crime falls apart due to his and his henchmen's bungling and the persistent police work of the quite pregnant Marge Gunderson.
164,Gran Torino,12 March 2009 (Hong Kong),Clint Eastwood,"Clint Eastwood, Bee Vang, Christopher Carley",8.1,"652,412","Disgruntled Korean War veteran Walt Kowalski sets out to reform his neighbor, a Hmong teenager who tried to steal Kowalski's prized possession: a 1972 Gran Torino."
165,The Deer Hunter,22 June 1979 (Hong Kong),Michael Cimino,"Robert De Niro, Christopher Walken, John Cazale",8.1,"276,361",An in-depth examination of the ways in which the U.S. Vietnam War impacts and disrupts the lives of people in a small industrial town in Pennsylvania.
166,Finding Nemo,17 July 2003 (Hong Kong),Andrew Stanton,"Albert Brooks, Ellen DeGeneres, Alexander Gould",8.1,"837,189","After his son is captured in the Great Barrier Reef and taken to Sydney, a timid clownfish sets out on a journey to bring him home."
167,Idi i smotri,17 October 1985 (Hungary),Elem Klimov,"Aleksey Kravchenko, Olga Mironova, Liubomiras Laucevicius",8.2,"40,613","After finding an old rifle, a young boy joins the Soviet resistance movement against ruthless German forces and experiences the horrors of World War II."
168,Sherlock Jr.,11 May 1924 (USA),Buster Keaton,"Buster Keaton, Kathryn McGuire, Joe Keaton",8.2,"30,271","A film projectionist longs to be a detective, and puts his meagre skills to work when he is framed by a rival for stealing his girlfriend's father's pocketwatch."
169,The Big Lebowski,11 June 1998 (Hong Kong),Joel Coen,"Jeff Bridges, John Goodman, Julianne Moore",8.1,"639,069","Jeff ""The Dude"" Lebowski, mistaken for a millionaire of the same name, seeks restitution for his ruined rug and enlists his bowling buddies to help get it."
170,Shutter Island,11 March 2010 (Hong Kong),Martin Scorsese,"Leonardo DiCaprio, Emily Mortimer, Mark Ruffalo",8.1,"966,164","In 1954, a U.S. Marshal investigates the disappearance of a murderer, who escaped from a hospital for the criminally insane."
171,Kill Bill: Vol. 1,16 October 2003 (Hong Kong),Quentin Tarantino,"Uma Thurman, David Carradine, Daryl Hannah",8.1,"873,563","After awakening from a four-year coma, a former assassin wreaks vengeance on the team of assassins who betrayed her."
172,Cool Hand Luke,1 November 1967 (USA),Stuart Rosenberg,"Paul Newman, George Kennedy, Strother Martin",8.1,"143,376","A laid back Southern man is sentenced to two years in a rural prison, but refuses to conform."
173,Rebecca,12 April 1940 (USA),Alfred Hitchcock,"Laurence Olivier, Joan Fontaine, George Sanders",8.1,"107,352",A self-conscious bride is tormented by the memory of her husband's dead first wife.
174,Tôkyô monogatari,3 November 1953 (Japan),Yasujirô Ozu,"Chishû Ryû, Chieko Higashiyama, Sô Yamamura",8.2,"41,178",An old couple visit their children and grandchildren in the city; but the children have little time for them.
175,Mary and Max,9 April 2009 (Australia),Adam Elliot,"Toni Collette, Philip Seymour Hoffman, Eric Bana",8.1,"146,430","A tale of friendship between two unlikely pen pals: Mary, a lonely, eight-year-old girl living in the suburbs of Melbourne, and Max, a forty-four-year old, severely obese man living in New York."
176,Hacksaw Ridge,1 December 2016 (Hong Kong),Mel Gibson,"Andrew Garfield, Sam Worthington, Luke Bracey",8.1,"342,256","World War II American Army Medic Desmond T. Doss, who served during the Battle of Okinawa, refuses to kill people, and becomes the first man in American history to receive the Medal of Honor without firing a shot."
177,Sunrise: A Song of Two Humans,1 April 1937 (Hong Kong),F.W. Murnau,"George O'Brien, Janet Gaynor, Margaret Livingston",8.2,"41,326",An allegorical tale about a man fighting the good and evil within him. Both sides are made flesh - one a sophisticated woman he is attracted to and the other his wife.
178,Gone Girl,2 October 2014 (Hong Kong),David Fincher,"Ben Affleck, Rosamund Pike, Neil Patrick Harris",8.1,"728,996","With his wife's disappearance having become the focus of an intense media circus, a man sees the spotlight turned on him when it's suspected that he may not be innocent."
179,How to Train Your Dragon,1 April 2010 (Hong Kong),Dean DeBlois,"Jay Baruchel, Gerard Butler, Christopher Mintz-Plasse",8.1,"585,235","A hapless young Viking who aspires to hunt dragons becomes the unlikely friend of a young dragon himself, and learns there may be more to the creatures than he assumed."
180,Relatos salvajes,26 March 2015 (Hong Kong),Damián Szifron,"Darío Grandinetti, María Marull, Mónica Villa",8.1,"142,539",Six short stories that explore the extremities of human behavior involving people in distress.
181,Jurassic Park,29 July 1993 (Hong Kong),Steven Spielberg,"Sam Neill, Laura Dern, Jeff Goldblum",8.1,"754,876","During a preview tour, a theme park suffers a major power breakdown that allows its cloned dinosaur exhibits to run amok."
182,Into the Wild,19 October 2007 (USA),Sean Penn,"Emile Hirsch, Vince Vaughn, Catherine Keener",8.1,"510,366","After graduating from Emory University, top student and athlete Christopher McCandless abandons his possessions, gives his entire $24,000 savings account to charity and hitchhikes to Alaska to live in the wilderness. Along the way, Christopher encounters a series of characters that shape his life."
183,Life of Brian,8 November 1979 (UK),Terry Jones,"Graham Chapman, John Cleese, Michael Palin",8.1,"323,171","Born on the original Christmas in the stable next door to Jesus, Brian of Nazareth spends his life being mistaken for a messiah."
184,Eskiya,29 November 1996 (Turkey),Yavuz Turgul,"Sener Sen, Ugur Yücel, Sermin Hürmeriç",8.3,"52,739","The epic adventures of the legendary Baran the Bandit following his release from prison. After serving 35 years, it is no surprise that the world has changed dramatically. Still, Baran ...                    See full summary»"
185,It Happened One Night,7 September 1939 (Hong Kong),Frank Capra,"Clark Gable, Claudette Colbert, Walter Connolly",8.1,"82,000",A spoiled heiress running away from her family is helped by a man who is actually a reporter in need of a story.
186,In the Name of the Father,27 December 1993 (Ireland),Jim Sheridan,"Daniel Day-Lewis, Pete Postlethwaite, Alison Crosbie",8.1,"136,767",A man's coerced confession to an IRA bombing he did not commit results in the imprisonment of his father as well. An English lawyer fights to free them.
187,Platoon,9 April 1987 (Hong Kong),Oliver Stone,"Charlie Sheen, Tom Berenger, Willem Dafoe",8.1,"342,150",A young soldier in Vietnam faces a moral crisis when confronted with the horrors of war and the duality of man.
188,The Grand Budapest Hotel,20 March 2014 (Hong Kong),Wes Anderson,"Ralph Fiennes, F. Murray Abraham, Mathieu Amalric",8.1,"608,941","The adventures of Gustave H, a legendary concierge at a famous hotel from the fictional Republic of Zubrowka between the first and second World Wars, and Zero Moustafa, the lobby boy who becomes his most trusted friend."
189,Stand by Me,26 November 1986 (USA),Rob Reiner,"Wil Wheaton, River Phoenix, Corey Feldman",8.1,"324,329","After the death of a friend, a writer recounts a boyhood journey to find the body of a missing boy."
190,The Truman Show,5 June 1998 (USA),Peter Weir,"Jim Carrey, Ed Harris, Laura Linney",8.1,"807,249",An insurance salesman/adjuster discovers his entire life is actually a television show.
191,Network,25 August 1977 (Hong Kong),Sidney Lumet,"Faye Dunaway, William Holden, Peter Finch",8.1,"126,881",A television network cynically exploits a deranged former anchor's ravings and revelations about the news media for its own profit.
192,Stalker,17 October 2004 (Hong Kong),Andrei Tarkovsky,"Alisa Freyndlikh, Aleksandr Kaydanovskiy, Anatoliy Solonitsyn",8.1,"93,172",A guide leads two men through an area known as the Zone to find a room that grants wishes.
193,Persona,3 April 1969 (Hong Kong),Ingmar Bergman,"Bibi Andersson, Liv Ullmann, Margaretha Krook",8.1,"82,881",A nurse is put in charge of a mute actress and finds that their personae are melding together.
194,Hotel Rwanda,4 March 2005 (UK),Terry George,"Don Cheadle, Sophie Okonedo, Joaquin Phoenix",8.1,"306,257",Paul Rusesabagina was a hotel manager who housed over a thousand Tutsi refugees during their struggle against the Hutu militia in Rwanda.
195,Salinui chueok,4 March 2004 (Hong Kong),Joon-ho Bong,"Kang-ho Song, Sang-kyung Kim, Roe-ha Kim",8.1,"95,094","In a small Korean province in 1986, three detectives struggle with the case of multiple young women being found raped and murdered by an unknown culprit."
196,Ben-Hur,16 November 1961 (Hong Kong),William Wyler,"Charlton Heston, Jack Hawkins, Stephen Boyd",8.1,"195,624","When a Jewish prince is betrayed and sent into slavery by a Roman friend, he regains his freedom and comes back for revenge."
197,12 Years a Slave,27 February 2014 (Hong Kong),Steve McQueen,"Chiwetel Ejiofor, Michael Kenneth Williams, Michael Fassbender",8.1,"556,233","In the antebellum United States, Solomon Northup, a free black man from upstate New York, is abducted and sold into slavery."
198,Le salaire de la peur,22 April 1953 (France),Henri-Georges Clouzot,"Yves Montand, Charles Vanel, Peter van Eyck",8.1,"46,572","In a decrepit South American village, four men are hired to transport an urgent nitroglycerine shipment without the equipment that would make it safe."
199,Million Dollar Baby,10 March 2005 (Hong Kong),Clint Eastwood,"Hilary Swank, Clint Eastwood, Morgan Freeman",8.1,"570,412",A determined woman works with a hardened boxing trainer to become a professional.
200,La passion de Jeanne d'Arc,25 October 1928 (France),Carl Theodor Dreyer,"Maria Falconetti, Eugene Silvain, André Berley",8.2,"38,723","In 1431, Jeanne d'Arc is placed on trial on charges of heresy. The ecclesiastical jurists attempt to force Jeanne to recant her claims of holy visions."
201,Andrei Rublev,16 October 2004 (Hong Kong),Andrei Tarkovsky,"Anatoliy Solonitsyn, Ivan Lapikov, Nikolay Grinko",8.2,"36,679","The life, times and afflictions of the fifteenth-century Russian iconographer."
202,Rush,10 October 2013 (Hong Kong),Ron Howard,"Daniel Brühl, Chris Hemsworth, Olivia Wilde",8.1,"380,876",The merciless 1970s rivalry between Formula One rivals James Hunt and Niki Lauda.
203,Before Sunrise,27 January 1995 (USA),Richard Linklater,"Ethan Hawke, Julie Delpy, Andrea Eckert",8.1,"229,529","A young man and woman meet on a train in Europe, and wind up spending one evening together in Vienna. Unfortunately, both know that this will probably be their only night together."
204,Mad Max: Fury Road,14 May 2015 (Hong Kong),George Miller,"Tom Hardy, Charlize Theron, Nicholas Hoult",8.1,"746,256","In a post-apocalyptic wasteland, a woman rebels against a tyrannical ruler in search for her homeland with the aid of a group of female prisoners, a psychotic worshiper, and a drifter named Max."
205,Rang De Basanti,26 January 2006 (India),Rakeysh Omprakash Mehra,"Aamir Khan, Soha Ali Khan, Siddharth",8.2,"96,962","The story of six young Indians who assist an English Woman to film a documentary on the extremist freedom fighters from their past, and the events that lead them to relive the long forgotten saga of freedom."
206,Les quatre cents coups,3 June 1959 (France),François Truffaut,"Jean-Pierre Léaud, Albert Rémy, Claire Maurier",8.1,"88,971","A young boy, left without attention, delves into a life of petty crime."
207,Spotlight,18 February 2016 (Hong Kong),Tom McCarthy,"Mark Ruffalo, Michael Keaton, Rachel McAdams",8.1,"343,621","The true story of how the Boston Globe uncovered the massive scandal of child molestation and cover-up within the local Catholic Archdiocese, shaking the entire Catholic Church to its core."
208,Prisoners,31 October 2013 (Hong Kong),Denis Villeneuve,"Hugh Jackman, Jake Gyllenhaal, Viola Davis",8.1,"504,345","When Keller Dover's daughter and her friend go missing, he takes matters into his own hands as the police pursue multiple leads and the pressure mounts."
209,Hachi: A Dog's Tale,7 January 2010 (Hong Kong),Lasse Hallström,"Richard Gere, Joan Allen, Cary-Hiroyuki Tagawa",8.1,"213,549",A college professor's bond with the abandoned dog he takes into his home.
210,Amores perros,16 August 2001 (Hong Kong),Alejandro G. Iñárritu,"Emilio Echevarría, Gael García Bernal, Goya Toledo",8.1,"202,281","A horrific car accident connects three stories, each involving characters dealing with loss, regret, and life's harsh realities, all in the name of love."
211,Logan,2 March 2017 (Hong Kong),James Mangold,"Hugh Jackman, Patrick Stewart, Dafne Keen",8.1,"521,025","In the near future, a weary Logan cares for an ailing Professor X, somewhere on the Mexican border. However, Logan's attempts to hide from the world, and his legacy, are upended when a young mutant arrives, pursued by dark forces."
212,The Princess Bride,14 January 1989 (Hong Kong),Rob Reiner,"Cary Elwes, Mandy Patinkin, Robin Wright",8.1,"347,105","While home sick in bed, a young boy's grandfather reads him a story called The Princess Bride."
213,Catch Me If You Can,30 January 2003 (Hong Kong),Steven Spielberg,"Leonardo DiCaprio, Tom Hanks, Christopher Walken",8.1,"684,702","A seasoned FBI agent pursues Frank Abagnale Jr. who, before his 19th birthday, successfully forged millions of dollars' worth of checks while posing as a Pan Am pilot, a doctor, and a legal prosecutor."
214,Kaze no tani no Naushika,12 February 1988 (Hong Kong),Hayao Miyazaki,"Sumi Shimamoto, Mahito Tsujimura, Hisako Kyôda",8.1,"123,301",Warrior and pacifist Princess Nausicaä desperately struggles to prevent two warring nations from destroying themselves and their dying planet.
215,Butch Cassidy and the Sundance Kid,15 January 1970 (Hong Kong),George Roy Hill,"Paul Newman, Robert Redford, Katharine Ross",8.1,"181,883","Wyoming, early 1900s. Butch Cassidy and The Sundance Kid are the leaders of a band of outlaws. After a train robbery goes wrong they find themselves on the run with a posse hard on their heals. Their solution - escape to Bolivia."
216,Harry Potter and the Deathly Hallows: Part 2,14 July 2011 (Hong Kong),David Yates,"Daniel Radcliffe, Emma Watson, Rupert Grint",8.1,"666,541","Harry, Ron, and Hermione search for Voldemort's remaining Horcruxes in their effort to destroy the Dark Lord as the final battle rages on at Hogwarts."
217,Rocky,19 May 1977 (Hong Kong),John G. Avildsen,"Sylvester Stallone, Talia Shire, Burt Young",8.1,"456,044",A small-time boxer gets a supremely rare chance to fight a heavy-weight champion in a bout in which he strives to go the distance for his self-respect.
218,Barry Lyndon,13 August 1976 (Hong Kong),Stanley Kubrick,"Ryan O'Neal, Marisa Berenson, Patrick Magee",8.1,"127,381",An Irish rogue wins the heart of a rich widow and assumes her dead husband's aristocratic position in 18th-century England.
219,"Monsters, Inc.",9 February 2002 (Hong Kong),Pete Docter,"Billy Crystal, John Goodman, Mary Gibbs",8.1,"711,580","In order to power the city, monsters have to scare children so that they scream. However, the children are toxic to the monsters, and after a child gets through, 2 monsters realize things may not be what they think."
220,The Grapes of Wrath,23 May 1946 (Hong Kong),John Ford,"Henry Fonda, Jane Darwell, John Carradine",8.1,"78,665","A poor Midwest family is forced off their land. They travel to California, suffering the misfortunes of the homeless in the Great Depression."
221,The Maltese Falcon,13 August 1950 (Hong Kong),John Huston,"Humphrey Bogart, Mary Astor, Gladys George",8.1,"136,714","A private detective takes on a case that involves him with three eccentric criminals, a gorgeous liar, and their quest for a priceless statuette."
222,Donnie Darko,26 October 2001 (USA),Richard Kelly,"Jake Gyllenhaal, Jena Malone, Mary McDonnell",8.1,"680,541","A troubled teenager is plagued by visions of a man in a large rabbit suit who manipulates him to commit a series of crimes, after he narrowly escapes a bizarre accident."
223,Dead Poets Society,9 June 1989 (USA),Peter Weir,"Robin Williams, Robert Sean Leonard, Ethan Hawke",8.1,"350,842",English teacher John Keating inspires his students to look at poetry with a different perspective of authentic knowledge and feelings.
224,Les diaboliques,29 January 1955 (France),Henri-Georges Clouzot,"Simone Signoret, Véra Clouzot, Paul Meurisse",8.1,"54,665",The wife and mistress of a loathed school principal hatch a plan to murder him while having the perfect alibi. They carry out the plan...but then his body disappears.
225,The Terminator,22 March 1985 (Hong Kong),James Cameron,"Arnold Schwarzenegger, Linda Hamilton, Michael Biehn",8,"706,230","A seemingly indestructible android is sent from 2029 to 1984 to assassinate a waitress, whose unborn son will lead humanity in a war against the machines, while a soldier from that war is sent to protect her at all costs."
226,Gandhi,24 March 1983 (Hong Kong),Richard Attenborough,"Ben Kingsley, John Gielgud, Rohini Hattangadi",8.1,"202,417","Gandhi's character is fully explained as a man of nonviolence. Through his patience, he is able to drive the British out of the subcontinent. And the stubborn nature of Jinnah and his commitment towards Pakistan is portrayed."
227,La haine,31 May 1995 (France),Mathieu Kassovitz,"Vincent Cassel, Hubert Koundé, Saïd Taghmaoui",8.1,"128,012",24 hours in the lives of three young men in the French suburbs the day after a violent riot.
228,A Star Is Born,17 October 2018 (Hong Kong),Bradley Cooper,"Lady Gaga, Bradley Cooper, Sam Elliott",8.2,"104,407","A musician helps a young singer find fame, even as age and alcoholism send his own career into a downward spiral."
229,Groundhog Day,9 December 1993 (Hong Kong),Harold Ramis,"Bill Murray, Andie MacDowell, Chris Elliott",8,"524,946",A weatherman finds himself inexplicably living the same day over and over again.
230,Le notti di Cabiria,16 October 1957 (France),Federico Fellini,"Giulietta Masina, François Périer, Franca Marzi",8.1,"37,244",A waifish prostitute wanders the streets of Rome looking for true love but finds only heartbreak.
231,Sanjuro,1 January 1962 (Japan),Akira Kurosawa,"Toshirô Mifune, Tatsuya Nakadai, Keiju Kobayashi",8.1,"25,887","A crafty samurai helps a young man and his fellow clansmen save his uncle, who has been framed and imprisoned by a corrupt superintendent."
232,The Wizard of Oz,6 February 1947 (Hong Kong),Victor Fleming,"Judy Garland, Frank Morgan, Ray Bolger",8,"341,926",Dorothy Gale is swept away from a farm in Kansas to a magical land of Oz in a tornado and embarks on a quest with her new friends to see the Wizard who can help her return home to Kansas and help her friends as well.
233,Jaws,20 November 1975 (Hong Kong),Steven Spielberg,"Roy Scheider, Robert Shaw, Richard Dreyfuss",8,"494,645","When a killer shark unleashes chaos on a beach resort, it's up to a local sheriff, a marine biologist, and an old seafarer to hunt the beast down."
234,The Help,22 September 2011 (Hong Kong),Tate Taylor,"Emma Stone, Viola Davis, Octavia Spencer",8.1,"380,962","An aspiring author during the civil rights movement of the 1960s decides to write a book detailing the African American maids' point of view on the white families for which they work, and the hardships they go through on a daily basis."
235,Blade Runner 2049,5 October 2017 (Hong Kong),Denis Villeneuve,"Harrison Ford, Ryan Gosling, Ana de Armas",8,"345,536","A young blade runner's discovery of a long-buried secret leads him to track down former blade runner Rick Deckard, who's been missing for thirty years."
236,Faa yeung nin wa,29 September 2000 (Hong Kong),Kar-Wai Wong,"Tony Chiu-Wai Leung, Maggie Cheung, Ping Lam Siu",8.1,"100,984","Two neighbors, a woman and a man, form a strong bond after both suspect extramarital activities of their spouses. However, they agree to keep their bond platonic so as not to commit similar wrongs."
237,La La Land,26 January 2017 (Hong Kong),Damien Chazelle,"Ryan Gosling, Emma Stone, Rosemarie DeWitt",8.1,"404,220","While navigating their careers in Los Angeles, a pianist and an actress fall in love while attempting to reconcile their aspirations for the future."
238,Paper Moon,9 May 1973 (USA),Peter Bogdanovich,"Ryan O'Neal, Tatum O'Neal, Madeline Kahn",8.1,"36,203","During the Great Depression, a con man finds himself saddled with a young girl who may or may not be his daughter, and the two forge an unlikely partnership."
239,Gangs of Wasseypur,2 August 2012 (Singapore),Anurag Kashyap,"Manoj Bajpayee, Richa Chadha, Nawazuddin Siddiqui",8.2,"65,869","A clash between Sultan and Shahid Khan leads to the expulsion of Khan from Wasseypur, and ignites a deadly blood feud spanning three generations."
240,Mandariinid,17 October 2013 (Georgia),Zaza Urushadze,"Lembit Ulfsak, Elmo Nüganen, Giorgi Nakashidze",8.2,"30,959","War in Georgia, Apkhazeti region in 1990. An Estonian man Ivo has stayed behind to harvest his crops of tangerines. In a bloody conflict at his door, a wounded man is left behind, and Ivo is forced to take him in."
241,Before Sunset,14 October 2004 (Hong Kong),Richard Linklater,"Ethan Hawke, Julie Delpy, Vernon Dobtcheff",8.1,"200,594","Nine years after Jesse and Celine first met, they encounter each other again on the French leg of Jesse's book tour."
242,Ah-ga-ssi,30 June 2016 (Hong Kong),Chan-wook Park,"Min-hee Kim, Jung-woo Ha, Jin-Woong Cho",8.1,"69,688","A woman is hired as a handmaiden to a Japanese heiress, but secretly she is involved in a plot to defraud her."
243,"Paris, Texas",23 August 1984 (UK),Wim Wenders,"Harry Dean Stanton, Nastassja Kinski, Dean Stockwell",8.1,"70,608","Travis Henderson, an aimless drifter who has been missing for four years, wanders out of the desert and must reconnect with society, himself, his life, and his family."
244,The Best Years of Our Lives,18 December 1947 (Hong Kong),William Wyler,"Myrna Loy, Dana Andrews, Fredric March",8.1,"51,696",Three World War II veterans return home to small-town America to discover that they and their families have been irreparably changed.
245,Guardians of the Galaxy,31 July 2014 (Hong Kong),James Gunn,"Chris Pratt, Vin Diesel, Bradley Cooper",8.1,"888,775",A group of intergalactic criminals are forced to work together to stop a fanatical warrior from taking control of the universe.
246,Pirates of the Caribbean: The Curse of the Black Pearl,21 August 2003 (Hong Kong),Gore Verbinski,"Johnny Depp, Geoffrey Rush, Orlando Bloom",8,"940,744","Blacksmith Will Turner teams up with eccentric pirate ""Captain"" Jack Sparrow to save his love, the governor's daughter, from Jack's former pirate allies, who are now undead."
247,The Bourne Ultimatum,9 August 2007 (Hong Kong),Paul Greengrass,"Matt Damon, Edgar Ramírez, Joan Allen",8,"571,422",Jason Bourne dodges a ruthless C.I.A. official and his Agents from a new assassination program while searching for the origins of his life as a trained killer.
248,Tenkû no shiro Rapyuta,26 June 1987 (Hong Kong),Hayao Miyazaki,"Anna Paquin, James Van Der Beek, Cloris Leachman",8.1,"122,389",A young boy and a girl with a magic crystal must race against pirates and foreign agents in a search for a legendary floating castle.
249,Drishyam,31 July 2015 (India),Nishikant Kamat,"Ajay Devgn, Shriya Saran, Tabu",8.3,"50,602","Desperate measures are taken by a man who tries to save his family from the dark side of the law, after they commit an unexpected crime."
250,"Swades: We, the People",17 December 2004 (India),Ashutosh Gowariker,"Shah Rukh Khan, Gayatri Joshi, Kishori Ballal",8.3,"72,089",A successful Indian scientist returns to an Indian village to take his nanny to America with him and in the process rediscovers his roots.
